lot_number,name,Lot,Building, price , price_per_sqm , deposit ,applications,status,auction_end,unit_floor,building_floors,total_area,rooms,completion_term,handover_status,living_area,kitchen_area,auxiliary_area,views,url
24194970,46A/6/31,46A,6," $748,458,000.00 "," $12,900,000.00 "," $37,422,900.00 ",0,On sale,06.07.2026 09:00,8,12,58.02,2,2027-yilning 2-choragida,To'liq bitkazilgan holda,45.04,0,12.98,52,https://e-auksion.uz/lot-view?lot_id=24194970
24194981,44A/4/16,44A,4," $894,166,000.00 "," $11,900,000.00 "," $44,708,300.00 ",0,On sale,06.07.2026 09:00,3,7,75.14,2,2027-yilning 2 choragida ,To'liq bitkazilgan holda,42.99,15.2,16.95,17,https://e-auksion.uz/lot-view?lot_id=24194981
24194990,44B/2/44,44B,2," $844,750,000.00 "," $10,900,000.00 "," $42,237,500.00 ",0,On sale,06.07.2026 09:00,8,9,77.5,3,2026-yilning 4-choragida ,To'liq bitkazilgan holda,59.6,0,17.9,12,https://e-auksion.uz/lot-view?lot_id=24194990
24195000,44B/6/39,44B,6," $756,460,000.00 "," $10,900,000.00 "," $37,823,000.00 ",0,On sale,06.07.2026 09:00,7,9,69.4,2,2026-yilning 4-choragida ,To'liq bitkazilgan holda,52.2,0,17.2,14,https://e-auksion.uz/lot-view?lot_id=24195000
24195007,44B/6/47,44B,6," $844,750,000.00 "," $10,900,000.00 "," $42,237,500.00 ",0,On sale,06.07.2026 09:00,8,9,77.5,3,2026-yilning 4-choragida ,To'liq bitkazilgan holda,59.6,0,17.9,6,https://e-auksion.uz/lot-view?lot_id=24195007
24195012,44B/2/53,44B,2," $844,750,000.00 "," $10,900,000.00 "," $42,237,500.00 ",0,On sale,06.07.2026 09:00,9,9,77.5,3,2026-yilning 4-choragida ,To'liq bitkazilgan holda,59.6,0,17.9,5,https://e-auksion.uz/lot-view?lot_id=24195012
24195027,46A/1/38,46A,1," $820,182,000.00 "," $12,900,000.00 "," $41,009,100.00 ",0,On sale,06.07.2026 09:00,9,12,63.58,2,2027-yilning 2 choragida ,To'liq bitkazilgan holda,51.33,0,12.25,11,https://e-auksion.uz/lot-view?lot_id=24195027
24195033,46A/9/52,46A,9," $850,854,000.00 "," $10,900,000.00 "," $42,542,700.00 ",0,On sale,06.07.2026 09:00,12,12,78.06,3,2027-yilning 2-choragida,To'liq bitkazilgan holda,60.43,0,17.63,8,https://e-auksion.uz/lot-view?lot_id=24195033
24195043,44A/7/34,44A,7," $888,459,000.00 "," $10,900,000.00 "," $44,422,950.00 ",0,On sale,06.07.2026 09:00,8,12,81.51,3,2027-yilning 2-choragida,To'liq bitkazilgan holda,60.58,0,20.93,8,https://e-auksion.uz/lot-view?lot_id=24195043
24195051,43F/5/42,43F,5," $1,006,974,000.00 "," $12,900,000.00 "," $50,348,700.00 ",0,On sale,06.07.2026 09:00,9,12,78.06,3,2027-yilning 2 choragida,To'liq bitkazilgan holda,60.43,0,17.63,10,https://e-auksion.uz/lot-view?lot_id=24195051
24195068,44A/7/54,44A,7," $888,459,000.00 "," $10,900,000.00 "," $44,422,950.00 ",0,On sale,06.07.2026 09:00,12,12,81.51,3,2027-yilning 2-choragida,To'liq bitkazilgan holda,60.58,0,20.93,7,https://e-auksion.uz/lot-view?lot_id=24195068
24195073,43F/8/13,43F,8," $1,097,532,000.00 "," $12,900,000.00 "," $54,876,600.00 ",0,On sale,06.07.2026 09:00,3,7,85.08,3,2027-yilning 2 choragida,To'liq bitkazilgan holda,56.44,10.26,28.64,10,https://e-auksion.uz/lot-view?lot_id=24195073
24195090,43F/8/21,43F,8," $1,021,035,000.00 "," $12,900,000.00 "," $51,051,750.00 ",0,On sale,06.07.2026 09:00,4,7,79.15,3,2027-yilning 2 choragida,To'liq bitkazilgan holda,51.46,8.52,27.69,5,https://e-auksion.uz/lot-view?lot_id=24195090
24194972,44A/1/55,44A,1," $888,459,000.00 "," $10,900,000.00 "," $44,422,950.00 ",0,On sale,06.07.2026 09:00,11,12,81.51,3,2027-yilning 2-choragida,To'liq bitkazilgan holda,60.58,0,20.93,6,https://e-auksion.uz/lot-view?lot_id=24194972
24194984,44A/4/22,44A,4," $894,166,000.00 "," $11,900,000.00 "," $44,708,300.00 ",0,On sale,06.07.2026 09:00,4,7,75.14,2,2027-yilning 2 choragida ,To'liq bitkazilgan holda,42.99,15.2,16.95,5,https://e-auksion.uz/lot-view?lot_id=24194984
24195005,44B/6/38,44B,6," $844,750,000.00 "," $10,900,000.00 "," $42,237,500.00 ",0,On sale,06.07.2026 09:00,7,9,77.5,3,2026-yilning 4-choragida ,To'liq bitkazilgan holda,59.6,0,17.9,5,https://e-auksion.uz/lot-view?lot_id=24195005
24195018,44B/6/43,44B,6," $953,750,000.00 "," $10,900,000.00 "," $47,687,500.00 ",0,On sale,06.07.2026 09:00,8,9,87.5,3,2026-yilning 4-choragida ,To'liq bitkazilgan holda,68.4,0,19.1,9,https://e-auksion.uz/lot-view?lot_id=24195018
24195031,46A/3/47,46A,3," $868,730,000.00 "," $10,900,000.00 "," $43,436,500.00 ",0,On sale,06.07.2026 09:00,9,9,79.7,3,2027-yilning 2 choragida,To'liq bitkazilgan holda,62.6,0,17.1,7,https://e-auksion.uz/lot-view?lot_id=24195031
24195034,43F/5/34,43F,5," $748,458,000.00 "," $12,900,000.00 "," $37,422,900.00 ",0,On sale,06.07.2026 09:00,8,12,58.02,2,2027-yilning 2 choragida,To'liq bitkazilgan holda,45.04,0,12.98,12,https://e-auksion.uz/lot-view?lot_id=24195034
24195048,43F/5/47,43F,5," $1,006,974,000.00 "," $12,900,000.00 "," $50,348,700.00 ",0,On sale,06.07.2026 09:00,10,12,78.06,3,2027-yilning 2 choragida,To'liq bitkazilgan holda,60.43,0,17.63,4,https://e-auksion.uz/lot-view?lot_id=24195048
24195057,43F/5/31,43F,5," $820,182,000.00 "," $12,900,000.00 "," $41,009,100.00 ",0,On sale,06.07.2026 09:00,7,12,63.58,2,2027-yilning 2 choragida,To'liq bitkazilgan holda,40.21,11.12,23.37,5,https://e-auksion.uz/lot-view?lot_id=24195057
24195071,43F/5/58,43F,5," $1,068,636,000.00 "," $12,900,000.00 "," $53,431,800.00 ",0,On sale,06.07.2026 09:00,12,12,82.84,3,2027-yilning 2 choragida,To'liq bitkazilgan holda,61.63,0,21.21,1,https://e-auksion.uz/lot-view?lot_id=24195071
24195078,43F/8/41,43F,8," $841,338,000.00 "," $12,900,000.00 "," $42,066,900.00 ",0,On sale,06.07.2026 09:00,7,7,65.22,3,2027-yilning 2 choragida,To'liq bitkazilgan holda,53.24,0,11.98,5,https://e-auksion.uz/lot-view?lot_id=24195078
24194982,44B/2/38,44B,2," $844,750,000.00 "," $10,900,000.00 "," $42,237,500.00 ",0,On sale,06.07.2026 09:00,7,9,77.5,3,2026-yilning 4-choragida ,To'liq bitkazilgan holda,59.6,0,17.9,6,https://e-auksion.uz/lot-view?lot_id=24194982
24194993,44A/5/56,44A,5," $693,532,000.00 "," $11,900,000.00 "," $34,676,600.00 ",0,On sale,06.07.2026 09:00,12,12,58.28,2,2027-yilning 2 choragida ,To'liq bitkazilgan holda,45.3,0,12.98,16,https://e-auksion.uz/lot-view?lot_id=24194993
24195001,44A/5/51,44A,5," $693,532,000.00 "," $11,900,000.00 "," $34,676,600.00 ",0,On sale,06.07.2026 09:00,11,12,58.28,2,2027-yilning 2 choragida ,To'liq bitkazilgan holda,45.3,0,12.98,5,https://e-auksion.uz/lot-view?lot_id=24195001
24195035,46A/9/51,46A,9," $902,956,000.00 "," $10,900,000.00 "," $45,147,800.00 ",0,On sale,06.07.2026 09:00,12,12,82.84,3,2027-yilning 2-choragida,To'liq bitkazilgan holda,61.63,0,21.21,8,https://e-auksion.uz/lot-view?lot_id=24195035
24195050,43F/5/52,43F,5," $1,006,974,000.00 "," $12,900,000.00 "," $50,348,700.00 ",0,On sale,06.07.2026 09:00,11,12,78.06,3,2027-yilning 2 choragida,To'liq bitkazilgan holda,60.43,0,17.63,4,https://e-auksion.uz/lot-view?lot_id=24195050
24195061,46A/9/46,46A,9," $902,956,000.00 "," $10,900,000.00 "," $45,147,800.00 ",0,On sale,06.07.2026 09:00,11,12,82.84,3,2027-yilning 2-choragida,To'liq bitkazilgan holda,61.63,0,21.21,7,https://e-auksion.uz/lot-view?lot_id=24195061
24195067,43F/5/33,43F,5," $1,068,636,000.00 "," $12,900,000.00 "," $53,431,800.00 ",0,On sale,06.07.2026 09:00,7,12,82.84,3,2027-yilning 2 choragida,To'liq bitkazilgan holda,61.63,0,21.21,1,https://e-auksion.uz/lot-view?lot_id=24195067
24195072,43F/5/53,43F,5," $1,068,636,000.00 "," $12,900,000.00 "," $53,431,800.00 ",0,On sale,06.07.2026 09:00,11,12,82.84,3,2027-yilning 2 choragida,To'liq bitkazilgan holda,61.63,0,21.21,2,https://e-auksion.uz/lot-view?lot_id=24195072
24195084,43F/8/14,43F,8," $1,021,035,000.00 "," $12,900,000.00 "," $51,051,750.00 ",1,On sale,06.07.2026 09:00,3,7,79.15,3,2027-yilning 2 choragida,To'liq bitkazilgan holda,51.46,8.52,27.69,30,https://e-auksion.uz/lot-view?lot_id=24195084
24194977,44A/1/56,44A,1," $693,532,000.00 "," $11,900,000.00 "," $34,676,600.00 ",0,On sale,06.07.2026 09:00,12,12,58.28,2,2027-yilning 2-choragida,To'liq bitkazilgan holda,45.3,0,12.98,14,https://e-auksion.uz/lot-view?lot_id=24194977
24194979,46A/1/33,46A,1," $820,182,000.00 "," $12,900,000.00 "," $41,009,100.00 ",0,On sale,06.07.2026 09:00,8,12,63.58,2,2027-yilning 2 choragida ,To'liq bitkazilgan holda,51.33,0,12.25,6,https://e-auksion.uz/lot-view?lot_id=24194979
24194988,44B/2/51,44B,2," $756,460,000.00 "," $10,900,000.00 "," $37,823,000.00 ",0,On sale,06.07.2026 09:00,9,9,69.4,2,2026-yilning 4-choragida ,To'liq bitkazilgan holda,52.2,0,17.2,2,https://e-auksion.uz/lot-view?lot_id=24194988
24194997,44B/6/48,44B,6," $953,750,000.00 "," $10,900,000.00 "," $47,687,500.00 ",0,On sale,06.07.2026 09:00,8,9,87.5,3,2026-yilning 4-choragida ,To'liq bitkazilgan holda,68.4,0,19.1,6,https://e-auksion.uz/lot-view?lot_id=24194997
24195006,44B/6/52,44B,6," $745,560,000.00 "," $10,900,000.00 "," $37,278,000.00 ",0,On sale,06.07.2026 09:00,9,9,68.4,2,2026-yilning 4-choragida ,To'liq bitkazilgan holda,50.5,0,17.9,6,https://e-auksion.uz/lot-view?lot_id=24195006
24195011,44B/6/51,44B,6," $756,460,000.00 "," $10,900,000.00 "," $37,823,000.00 ",0,On sale,06.07.2026 09:00,9,9,69.4,2,2026-yilning 4-choragida ,To'liq bitkazilgan holda,52.2,0,17.2,2,https://e-auksion.uz/lot-view?lot_id=24195011
24195015,44B/2/35,44B,2," $844,750,000.00 "," $10,900,000.00 "," $42,237,500.00 ",0,On sale,06.07.2026 09:00,6,9,77.5,3,2026-yilning 4-choragida ,To'liq bitkazilgan holda,59.6,0,17.9,2,https://e-auksion.uz/lot-view?lot_id=24195015
24195026,46A/2/35,46A,2," $868,730,000.00 "," $10,900,000.00 "," $43,436,500.00 ",0,On sale,06.07.2026 09:00,7,9,79.7,3,2027-yilning 2 choragida,To'liq bitkazilgan holda,62.6,0,17.1,5,https://e-auksion.uz/lot-view?lot_id=24195026
24195037,43F/5/49,43F,5," $748,458,000.00 "," $12,900,000.00 "," $37,422,900.00 ",0,On sale,06.07.2026 09:00,11,12,58.02,2,2027-yilning 2 choragida,To'liq bitkazilgan holda,45.04,0,12.98,4,https://e-auksion.uz/lot-view?lot_id=24195037
24195045,44A/7/49,44A,7," $888,459,000.00 "," $10,900,000.00 "," $44,422,950.00 ",0,On sale,06.07.2026 09:00,11,12,81.51,3,2027-yilning 2-choragida,To'liq bitkazilgan holda,60.58,0,20.93,2,https://e-auksion.uz/lot-view?lot_id=24195045
24195055,43F/5/24,43F,5," $748,458,000.00 "," $12,900,000.00 "," $37,422,900.00 ",0,On sale,06.07.2026 09:00,6,12,58.02,2,2027-yilning 2 choragida,To'liq bitkazilgan holda,45.04,0,12.98,5,https://e-auksion.uz/lot-view?lot_id=24195055
24195062,43F/5/19,43F,5," $748,458,000.00 "," $12,900,000.00 "," $37,422,900.00 ",0,On sale,06.07.2026 09:00,5,12,58.02,2,2027-yilning 2 choragida,To'liq bitkazilgan holda,45.04,0,12.98,3,https://e-auksion.uz/lot-view?lot_id=24195062
24195076,43F/8/19,43F,8," $1,097,532,000.00 "," $12,900,000.00 "," $54,876,600.00 ",0,On sale,06.07.2026 09:00,4,7,85.08,3,2027-yilning 2 choragida,To'liq bitkazilgan holda,56.44,10.26,28.64,1,https://e-auksion.uz/lot-view?lot_id=24195076
24195080,43F/8/20,43F,8," $1,021,035,000.00 "," $12,900,000.00 "," $51,051,750.00 ",0,On sale,06.07.2026 09:00,4,7,79.15,3,2027-yilning 2 choragida,To'liq bitkazilgan holda,51.46,8.52,27.69,1,https://e-auksion.uz/lot-view?lot_id=24195080
24195085,43F/8/33,43F,8," $1,021,035,000.00 "," $12,900,000.00 "," $51,051,750.00 ",0,On sale,06.07.2026 09:00,6,7,79.15,3,2027-yilning 2 choragida,To'liq bitkazilgan holda,51.46,8.52,27.69,1,https://e-auksion.uz/lot-view?lot_id=24195085
24195088,43F/8/28,43F,8," $1,097,532,000.00 "," $12,900,000.00 "," $54,876,600.00 ",0,On sale,06.07.2026 09:00,5,7,85.08,3,2027-yilning 2 choragida,To'liq bitkazilgan holda,56.44,10.26,28.64,1,https://e-auksion.uz/lot-view?lot_id=24195088
24194971,46A/6/41,46A,6," $748,458,000.00 "," $12,900,000.00 "," $37,422,900.00 ",0,On sale,06.07.2026 09:00,10,12,58.02,2,2027-yilning 2-choragida,To'liq bitkazilgan holda,45.04,0,12.98,8,https://e-auksion.uz/lot-view?lot_id=24194971
24194992,44B/6/50,44B,6," $844,750,000.00 "," $10,900,000.00 "," $42,237,500.00 ",0,On sale,06.07.2026 09:00,9,9,77.5,3,2026-yilning 4-choragida ,To'liq bitkazilgan holda,59.6,0,17.9,4,https://e-auksion.uz/lot-view?lot_id=24194992
24195002,44B/2/47,44B,2," $844,750,000.00 "," $10,900,000.00 "," $42,237,500.00 ",0,On sale,06.07.2026 09:00,8,9,77.5,3,2026-yilning 4-choragida ,To'liq bitkazilgan holda,59.6,0,17.9,1,https://e-auksion.uz/lot-view?lot_id=24195002
24195008,44B/2/41,44B,2," $844,750,000.00 "," $10,900,000.00 "," $42,237,500.00 ",0,On sale,06.07.2026 09:00,7,9,77.5,3,2026-yilning 4-choragida ,To'liq bitkazilgan holda,59.6,0,17.9,2,https://e-auksion.uz/lot-view?lot_id=24195008
24195013,44B/2/45,44B,2," $756,460,000.00 "," $10,900,000.00 "," $37,823,000.00 ",0,On sale,06.07.2026 09:00,8,9,69.4,2,2026-yilning 4-choragida ,To'liq bitkazilgan holda,52.2,0,17.2,9,https://e-auksion.uz/lot-view?lot_id=24195013
24195024,46A/1/54,46A,1," $850,854,000.00 "," $10,900,000.00 "," $42,542,700.00 ",0,On sale,06.07.2026 09:00,12,12,78.06,3,2027-yilning 2 choragida ,To'liq bitkazilgan holda,60.43,0,17.63,5,https://e-auksion.uz/lot-view?lot_id=24195024
24195032,46A/9/47,46A,9," $850,854,000.00 "," $10,900,000.00 "," $42,542,700.00 ",0,On sale,06.07.2026 09:00,11,12,78.06,3,2027-yilning 2-choragida,To'liq bitkazilgan holda,60.43,0,17.63,5,https://e-auksion.uz/lot-view?lot_id=24195032
24195042,43F/5/56,43F,5," $820,182,000.00 "," $12,900,000.00 "," $41,009,100.00 ",0,On sale,06.07.2026 09:00,12,12,63.58,2,2027-yilning 2 choragida,To'liq bitkazilgan holda,40.21,11.12,23.37,2,https://e-auksion.uz/lot-view?lot_id=24195042
24195052,44A/7/55,44A,7," $854,887,000.00 "," $10,900,000.00 "," $42,744,350.00 ",0,On sale,06.07.2026 09:00,12,12,78.43,3,2027-yilning 2-choragida,To'liq bitkazilgan holda,60.92,0,17.51,2,https://e-auksion.uz/lot-view?lot_id=24195052
24195064,43F/5/43,43F,5," $1,068,636,000.00 "," $12,900,000.00 "," $53,431,800.00 ",0,On sale,06.07.2026 09:00,9,12,82.84,3,2027-yilning 2 choragida,To'liq bitkazilgan holda,61.63,0,21.21,1,https://e-auksion.uz/lot-view?lot_id=24195064
24195077,43F/8/37,43F,8," $1,097,532,000.00 "," $12,900,000.00 "," $54,876,600.00 ",0,On sale,06.07.2026 09:00,7,7,85.08,3,2027-yilning 2 choragida,To'liq bitkazilgan holda,56.44,10.26,28.64,1,https://e-auksion.uz/lot-view?lot_id=24195077
24195040,43F/5/17,43F,5," $1,006,974,000.00 "," $12,900,000.00 "," $50,348,700.00 ",0,On sale,06.07.2026 09:00,4,12,78.06,3,2027-yilning 2 choragida,To'liq bitkazilgan holda,60.43,0,17.63,1,https://e-auksion.uz/lot-view?lot_id=24195040
24195049,43F/5/37,43F,5," $1,006,974,000.00 "," $12,900,000.00 "," $50,348,700.00 ",0,On sale,06.07.2026 09:00,8,12,78.06,3,2027-yilning 2 choragida,To'liq bitkazilgan holda,60.43,0,17.63,2,https://e-auksion.uz/lot-view?lot_id=24195049
24195059,43F/5/54,43F,5," $748,458,000.00 "," $12,900,000.00 "," $37,422,900.00 ",0,On sale,06.07.2026 09:00,12,12,58.02,2,2027-yilning 2-choragida,To'liq bitkazilgan holda,45.04,0,12.98,3,https://e-auksion.uz/lot-view?lot_id=24195059
24195066,43F/5/38,43F,5," $1,068,636,000.00 "," $12,900,000.00 "," $53,431,800.00 ",0,On sale,06.07.2026 09:00,8,12,82.84,3,2027-yilning 2 choragida,To'liq bitkazilgan holda,61.63,0,21.21,2,https://e-auksion.uz/lot-view?lot_id=24195066
24195091,43F/8/40,43F,8," $1,097,532,000.00 "," $12,900,000.00 "," $54,876,600.00 ",0,On sale,06.07.2026 09:00,7,7,85.08,3,2027-yilning 2 choragida,To'liq bitkazilgan holda,56.44,10.26,28.64,1,https://e-auksion.uz/lot-view?lot_id=24195091
24194976,46A/6/36,46A,6," $748,458,000.00 "," $12,900,000.00 "," $37,422,900.00 ",0,On sale,06.07.2026 09:00,9,12,58.02,2,2027-yilning 2-choragida,To'liq bitkazilgan holda,45.04,0,12.98,4,https://e-auksion.uz/lot-view?lot_id=24194976
24194978,44A/4/28,44A,4," $894,166,000.00 "," $11,900,000.00 "," $44,708,300.00 ",0,On sale,06.07.2026 09:00,5,7,75.14,2,2027-yilning 2 choragida ,To'liq bitkazilgan holda,42.99,15.2,16.95,2,https://e-auksion.uz/lot-view?lot_id=24194978
24194989,44A/5/55,44A,5," $888,459,000.00 "," $10,900,000.00 "," $44,422,950.00 ",0,On sale,06.07.2026 09:00,11,12,81.51,3,2027-yilning 2 choragida ,To'liq bitkazilgan holda,60.58,0,20.93,1,https://e-auksion.uz/lot-view?lot_id=24194989
24194998,44A/5/46,44A,5," $693,532,000.00 "," $11,900,000.00 "," $34,676,600.00 ",0,On sale,06.07.2026 09:00,10,12,58.28,2,2027-yilning 2 choragida ,To'liq bitkazilgan holda,45.3,0,12.98,10,https://e-auksion.uz/lot-view?lot_id=24194998
24195017,44B/6/42,44B,6," $953,750,000.00 "," $10,900,000.00 "," $47,687,500.00 ",0,On sale,06.07.2026 09:00,7,9,87.5,3,2026-yilning 4-choragida ,To'liq bitkazilgan holda,68.4,0,19.1,2,https://e-auksion.uz/lot-view?lot_id=24195017
24195021,46A/1/53,46A,1," $820,182,000.00 "," $12,900,000.00 "," $41,009,100.00 ",0,On sale,06.07.2026 09:00,12,12,63.58,2,2027-yilning 2 choragida ,To'liq bitkazilgan holda,51.33,0,12.25,4,https://e-auksion.uz/lot-view?lot_id=24195021
24195036,46A/4/25,46A,4," $902,956,000.00 "," $10,900,000.00 "," $45,147,800.00 ",0,On sale,06.07.2026 09:00,8,12,82.84,3,2027-yilning 2-choragida,To'liq bitkazilgan holda,61.63,0,21.21,5,https://e-auksion.uz/lot-view?lot_id=24195036
24195044,43F/5/22,43F,5," $1,006,974,000.00 "," $12,900,000.00 "," $50,348,700.00 ",0,On sale,06.07.2026 09:00,5,12,78.06,3,2027-yilning 2 choragida,To'liq bitkazilgan holda,60.43,0,17.63,2,https://e-auksion.uz/lot-view?lot_id=24195044
24195053,46A/9/31,46A,9," $902,956,000.00 "," $10,900,000.00 "," $45,147,800.00 ",0,On sale,06.07.2026 09:00,8,12,82.84,3,2027-yilning 2-choragida,To'liq bitkazilgan holda,61.63,0,21.21,8,https://e-auksion.uz/lot-view?lot_id=24195053
24195060,43F/5/57,43F,5," $1,006,974,000.00 "," $12,900,000.00 "," $50,348,700.00 ",0,On sale,06.07.2026 09:00,12,12,78.06,3,2027-yilning 2 choragida,To'liq bitkazilgan holda,60.43,0,17.63,1,https://e-auksion.uz/lot-view?lot_id=24195060
24195075,43F/8/36,43F,8," $841,338,000.00 "," $12,900,000.00 "," $42,066,900.00 ",0,On sale,06.07.2026 09:00,7,7,65.22,3,2027-yilning 2 choragida,To'liq bitkazilgan holda,53.24,0,11.98,5,https://e-auksion.uz/lot-view?lot_id=24195075
24195081,43F/8/26,43F,8," $1,021,035,000.00 "," $12,900,000.00 "," $51,051,750.00 ",0,On sale,06.07.2026 09:00,5,7,79.15,3,2027-yilning 2 choragida,To'liq bitkazilgan holda,51.46,8.52,27.69,1,https://e-auksion.uz/lot-view?lot_id=24195081
24195086,43F/8/27,43F,8," $1,021,035,000.00 "," $12,900,000.00 "," $51,051,750.00 ",0,On sale,06.07.2026 09:00,5,7,79.15,3,2027-yilning 2 choragida,To'liq bitkazilgan holda,51.46,8.52,27.69,1,https://e-auksion.uz/lot-view?lot_id=24195086
24195089,43F/8/22,43F,8," $1,097,532,000.00 "," $12,900,000.00 "," $54,876,600.00 ",0,On sale,06.07.2026 09:00,4,7,85.08,3,2027-yilning 2 choragida,To'liq bitkazilgan holda,56.44,10.26,28.64,1,https://e-auksion.uz/lot-view?lot_id=24195089
24194985,44A/4/39,44A,4," $894,166,000.00 "," $11,900,000.00 "," $44,708,300.00 ",0,On sale,06.07.2026 09:00,7,7,75.14,2,2027-yilning 2 choragida ,To'liq bitkazilgan holda,42.99,15.2,16.95,3,https://e-auksion.uz/lot-view?lot_id=24194985
24194995,44B/6/46,44B,6," $745,560,000.00 "," $10,900,000.00 "," $37,278,000.00 ",0,On sale,06.07.2026 09:00,8,9,68.4,2,2026-yilning 4-choragida ,To'liq bitkazilgan holda,50.5,0,17.9,4,https://e-auksion.uz/lot-view?lot_id=24194995
24195004,44B/6/41,44B,6," $844,750,000.00 "," $10,900,000.00 "," $42,237,500.00 ",0,On sale,06.07.2026 09:00,7,9,77.5,3,2026-yilning 4-choragida ,To'liq bitkazilgan holda,59.6,0,17.9,3,https://e-auksion.uz/lot-view?lot_id=24195004
24195009,44B/2/50,44B,2," $844,750,000.00 "," $10,900,000.00 "," $42,237,500.00 ",0,On sale,06.07.2026 09:00,9,9,77.5,3,2026-yilning 4-choragida ,To'liq bitkazilgan holda,59.6,0,17.9,6,https://e-auksion.uz/lot-view?lot_id=24195009
24195019,44B/6/49,44B,6," $953,750,000.00 "," $10,900,000.00 "," $47,687,500.00 ",0,On sale,06.07.2026 09:00,9,9,87.5,3,2026-yilning 4-choragida ,To'liq bitkazilgan holda,68.4,0,19.1,3,https://e-auksion.uz/lot-view?lot_id=24195019
24195022,46A/2/38,46A,2," $868,730,000.00 "," $10,900,000.00 "," $43,436,500.00 ",0,On sale,06.07.2026 09:00,8,9,79.7,3,2027-yilning 2 choragida,To'liq bitkazilgan holda,62.6,0,17.1,4,https://e-auksion.uz/lot-view?lot_id=24195022
24195029,46A/3/44,46A,3," $868,730,000.00 "," $10,900,000.00 "," $43,436,500.00 ",0,On sale,06.07.2026 09:00,9,9,79.7,3,2027-yilning 2 choragida,To'liq bitkazilgan holda,62.6,0,17.1,5,https://e-auksion.uz/lot-view?lot_id=24195029
24194973,46A/6/46,46A,6," $748,458,000.00 "," $12,900,000.00 "," $37,422,900.00 ",0,On sale,06.07.2026 09:00,11,12,58.02,2,2027-yilning 2-choragida,To'liq bitkazilgan holda,45.04,0,12.98,3,https://e-auksion.uz/lot-view?lot_id=24194973
24194986,44A/5/58,44A,5," $814,506,000.00 "," $12,900,000.00 "," $40,725,300.00 ",0,On sale,06.07.2026 09:00,12,12,63.14,2,2027-yilning 2 choragida ,To'liq bitkazilgan holda,39.1,11.63,12.41,1,https://e-auksion.uz/lot-view?lot_id=24194986
24194994,44B/6/54,44B,6," $953,750,000.00 "," $10,900,000.00 "," $47,687,500.00 ",0,On sale,06.07.2026 09:00,9,9,87.5,3,2026-yilning 4-choragida ,To'liq bitkazilgan holda,68.4,0,19.1,3,https://e-auksion.uz/lot-view?lot_id=24194994
24195003,44B/6/53,44B,6," $844,750,000.00 "," $10,900,000.00 "," $42,237,500.00 ",0,On sale,06.07.2026 09:00,9,9,77.5,3,2026-yilning 4-choragida ,To'liq bitkazilgan holda,59.6,0,17.9,2,https://e-auksion.uz/lot-view?lot_id=24195003
24195014,44B/6/44,44B,6," $844,750,000.00 "," $10,900,000.00 "," $42,237,500.00 ",0,On sale,06.07.2026 09:00,8,9,77.5,3,2026-yilning 4-choragida ,To'liq bitkazilgan holda,59.6,0,17.9,2,https://e-auksion.uz/lot-view?lot_id=24195014
24195016,44B/2/52,44B,2," $745,560,000.00 "," $10,900,000.00 "," $37,278,000.00 ",0,On sale,06.07.2026 09:00,9,9,68.4,2,2026-yilning 4-choragida ,To'liq bitkazilgan holda,50.5,0,17.9,7,https://e-auksion.uz/lot-view?lot_id=24195016
24195020,46A/1/48,46A,1," $820,182,000.00 "," $12,900,000.00 "," $41,009,100.00 ",0,On sale,06.07.2026 09:00,11,12,63.58,2,2027-yilning 2 choragida ,To'liq bitkazilgan holda,51.33,0,12.25,5,https://e-auksion.uz/lot-view?lot_id=24195020
24195028,46A/3/38,46A,3," $868,730,000.00 "," $10,900,000.00 "," $43,436,500.00 ",0,On sale,06.07.2026 09:00,8,9,79.7,3,2027-yilning 2 choragida,To'liq bitkazilgan holda,62.6,0,17.1,5,https://e-auksion.uz/lot-view?lot_id=24195028
24195041,43F/5/27,43F,5," $1,006,974,000.00 "," $12,900,000.00 "," $50,348,700.00 ",0,On sale,06.07.2026 09:00,6,12,78.06,3,2027-yilning 2 choragida,To'liq bitkazilgan holda,60.43,0,17.63,1,https://e-auksion.uz/lot-view?lot_id=24195041
24195058,43F/5/23,43F,5," $1,068,636,000.00 "," $12,900,000.00 "," $53,431,800.00 ",0,On sale,06.07.2026 09:00,5,12,82.84,3,2027-yilning 2 choragida,To'liq bitkazilgan holda,61.63,0,21.21,1,https://e-auksion.uz/lot-view?lot_id=24195058
24195065,43F/5/28,43F,5," $1,068,636,000.00 "," $12,900,000.00 "," $53,431,800.00 ",0,On sale,06.07.2026 09:00,6,12,82.84,3,2027-yilning 2 choragida,To'liq bitkazilgan holda,61.63,0,21.21,1,https://e-auksion.uz/lot-view?lot_id=24195065
24195070,43F/8/25,43F,8," $1,097,532,000.00 "," $12,900,000.00 "," $54,876,600.00 ",0,On sale,06.07.2026 09:00,5,7,85.08,3,2027-yilning 2 choragida,To'liq bitkazilgan holda,56.44,10.26,28.64,1,https://e-auksion.uz/lot-view?lot_id=24195070
24195082,43F/8/16,43F,8," $1,097,532,000.00 "," $12,900,000.00 "," $54,876,600.00 ",0,On sale,06.07.2026 09:00,3,7,85.08,3,2027-yilning 2 choragida,To'liq bitkazilgan holda,56.44,10.26,28.64,2,https://e-auksion.uz/lot-view?lot_id=24195082
24194975,44A/1/60,44A,1," $888,459,000.00 "," $10,900,000.00 "," $44,422,950.00 ",0,On sale,06.07.2026 09:00,12,12,81.51,3,2027-yilning 2-choragida,To'liq bitkazilgan holda,60.58,0,20.93,3,https://e-auksion.uz/lot-view?lot_id=24194975
24194980,44A/4/40,44A,4," $894,166,000.00 "," $11,900,000.00 "," $44,708,300.00 ",0,On sale,06.07.2026 09:00,7,7,75.14,2,2027-yilning 2 choragida ,To'liq bitkazilgan holda,42.99,15.2,16.95,1,https://e-auksion.uz/lot-view?lot_id=24194980
24194991,44A/4/21,44A,4," $894,166,000.00 "," $11,900,000.00 "," $44,708,300.00 ",0,On sale,06.07.2026 09:00,4,7,75.14,2,2027-yilning 2 choragida ,To'liq bitkazilgan holda,42.99,15.2,16.95,2,https://e-auksion.uz/lot-view?lot_id=24194991
24194999,44B/6/45,44B,6," $756,460,000.00 "," $10,900,000.00 "," $37,823,000.00 ",0,On sale,06.07.2026 09:00,8,9,69.4,2,2026-yilning 4-choragida ,To'liq bitkazilgan holda,52.2,0,17.2,3,https://e-auksion.uz/lot-view?lot_id=24194999
24195010,44B/2/29,44B,2," $844,750,000.00 "," $10,900,000.00 "," $42,237,500.00 ",0,On sale,06.07.2026 09:00,5,9,77.5,3,2026-yilning 4-choragida ,To'liq bitkazilgan holda,59.6,0,17.9,4,https://e-auksion.uz/lot-view?lot_id=24195010
24195023,46A/2/44,46A,2," $868,730,000.00 "," $10,900,000.00 "," $43,436,500.00 ",0,On sale,06.07.2026 09:00,9,9,79.7,3,2027-yilning 2 choragida,To'liq bitkazilgan holda,62.6,0,17.1,4,https://e-auksion.uz/lot-view?lot_id=24195023
24195030,46A/3/46,46A,3," $772,156,000.00 "," $10,900,000.00 "," $38,607,800.00 ",0,On sale,06.07.2026 09:00,9,9,70.84,2,2027-yilning 2 choragida,To'liq bitkazilgan holda,60.59,0,10.25,5,https://e-auksion.uz/lot-view?lot_id=24195030
24195039,44A/7/39,44A,7," $888,459,000.00 "," $10,900,000.00 "," $44,422,950.00 ",0,On sale,06.07.2026 09:00,9,12,81.51,3,2027-yilning 2-choragida,To'liq bitkazilgan holda,60.58,0,20.93,1,https://e-auksion.uz/lot-view?lot_id=24195039
24195046,43F/5/32,43F,5," $1,006,974,000.00 "," $12,900,000.00 "," $50,348,700.00 ",0,On sale,06.07.2026 09:00,7,12,78.06,3,2027-yilning 2 choragida,To'liq bitkazilgan holda,60.43,0,17.63,4,https://e-auksion.uz/lot-view?lot_id=24195046
24195054,43F/5/51,43F,5," $820,182,000.00 "," $12,900,000.00 "," $41,009,100.00 ",0,On sale,06.07.2026 09:00,11,12,63.58,2,2027-yilning 2 choragida,To'liq bitkazilgan holda,40.21,11.12,23.37,5,https://e-auksion.uz/lot-view?lot_id=24195054
24195063,43F/5/39,43F,5," $748,458,000.00 "," $12,900,000.00 "," $37,422,900.00 ",0,On sale,06.07.2026 09:00,9,12,58.02,2,2027-yilning 2 choragida,To'liq bitkazilgan holda,45.04,0,12.98,4,https://e-auksion.uz/lot-view?lot_id=24195063
24195069,43F/5/48,43F,5," $1,068,636,000.00 "," $12,900,000.00 "," $53,431,800.00 ",0,On sale,06.07.2026 09:00,10,12,82.84,3,2027-yilning 2 choragida,To'liq bitkazilgan holda,61.63,0,21.21,2,https://e-auksion.uz/lot-view?lot_id=24195069
24195074,43F/8/38,43F,8," $1,021,035,000.00 "," $12,900,000.00 "," $51,051,750.00 ",0,On sale,06.07.2026 09:00,7,7,79.15,3,2027-yilning 2 choragida,To'liq bitkazilgan holda,51.46,8.52,27.69,3,https://e-auksion.uz/lot-view?lot_id=24195074
24195079,43F/8/32,43F,8," $1,021,035,000.00 "," $12,900,000.00 "," $51,051,750.00 ",0,On sale,06.07.2026 09:00,6,7,79.15,3,2027-yilning 2 choragida,To'liq bitkazilgan holda,51.46,8.52,27.69,1,https://e-auksion.uz/lot-view?lot_id=24195079
24195083,43F/8/39,43F,8," $1,021,035,000.00 "," $12,900,000.00 "," $51,051,750.00 ",0,On sale,06.07.2026 09:00,7,7,79.15,3,2027-yilning 2 choragida,To'liq bitkazilgan holda,51.46,8.52,27.69,1,https://e-auksion.uz/lot-view?lot_id=24195083
24195087,43F/8/34,43F,8," $1,097,532,000.00 "," $12,900,000.00 "," $54,876,600.00 ",0,On sale,06.07.2026 09:00,6,7,85.08,3,2027-yilning 2 choragida,To'liq bitkazilgan holda,56.44,10.26,28.64,1,https://e-auksion.uz/lot-view?lot_id=24195087
24195056,43F/5/18,43F,5," $1,068,636,000.00 "," $12,900,000.00 "," $53,431,800.00 ",0,On sale,06.07.2026 09:00,4,12,82.84,3,2027-yilning 2 choragida,To'liq bitkazilgan holda,61.63,0,21.21,4,https://e-auksion.uz/lot-view?lot_id=24195056
24194974,46A/6/51,46A,6," $748,458,000.00 "," $12,900,000.00 "," $37,422,900.00 ",0,On sale,06.07.2026 09:00,12,12,58.02,2,2027-yilning 2-choragida,To'liq bitkazilgan holda,45.04,0,12.98,4,https://e-auksion.uz/lot-view?lot_id=24194974
24194983,46A/1/13,46A,1," $820,182,000.00 "," $12,900,000.00 "," $41,009,100.00 ",0,On sale,06.07.2026 09:00,4,12,63.58,2,2027-yilning 2 choragida ,To'liq bitkazilgan holda,51.33,0,12.25,4,https://e-auksion.uz/lot-view?lot_id=24194983
24194987,44A/4/15,44A,4," $894,166,000.00 "," $11,900,000.00 "," $44,708,300.00 ",0,On sale,06.07.2026 09:00,3,7,75.14,2,2027-yilning 2 choragida ,To'liq bitkazilgan holda,42.99,15.2,16.95,1,https://e-auksion.uz/lot-view?lot_id=24194987
24194996,44A/5/41,44A,5," $693,532,000.00 "," $11,900,000.00 "," $34,676,600.00 ",0,On sale,06.07.2026 09:00,9,12,58.28,2,2027-yilning 2 choragida ,To'liq bitkazilgan holda,45.3,0,12.98,8,https://e-auksion.uz/lot-view?lot_id=24194996
24195025,46A/1/43,46A,1," $820,182,000.00 "," $12,900,000.00 "," $41,009,100.00 ",0,On sale,06.07.2026 09:00,10,12,63.58,2,2027-yilning 2 choragida ,To'liq bitkazilgan holda,51.33,0,12.25,2,https://e-auksion.uz/lot-view?lot_id=24195025
24195038,46A/4/29,46A,4," $902,956,000.00 "," $10,900,000.00 "," $45,147,800.00 ",0,On sale,06.07.2026 09:00,9,12,82.84,3,2027-yilning 2-choragida,To'liq bitkazilgan holda,61.63,0,21.21,4,https://e-auksion.uz/lot-view?lot_id=24195038
24195047,44A/7/44,44A,7," $888,459,000.00 "," $10,900,000.00 "," $44,422,950.00 ",0,On sale,06.07.2026 09:00,10,12,81.51,3,2027-yilning 2-choragida,To'liq bitkazilgan holda,60.58,0,20.93,2,https://e-auksion.uz/lot-view?lot_id=24195047
